vaccine.efficacy,rsv.attack.rate,RR.wheeze.rsvh,baseline.risk.wheeze,estimate,percent.altered,risk.wheeze.unvacc,risk.wheeze.vacc,RR.wheeze.vacc,size.one.arm.equal,size.unvacc.2.1,size.vacc.2.1,sample.total.2.1,sample.total.1.1,RD.wheeze.vacc,NNT,product
0.701,0.095,2.45,0.049,TRUE,0.066595,0.05574975,0.05101817525,0.9151283234453966,35432.065864540484,26424.86038832951,52849.80005131947,79275,70865,0.004731574750000002,211.34612741772696,nirsevimab
0.444,0.095,2.45,0.049,TRUE,0.04218,0.05574975,0.052752861,0.9462439024390243,89676.07453323324,67022.7266339085,134045.654336198,201069,179353,0.0029968890000000026,333.6793588284381,Resvax (TM)
0.701,0.095,2.45,0.095,TRUE,0.066595,0.10808625000000001,0.09891278875000001,0.9151283234453966,17307.346366840535,12912.10468569879,25824.248107750376,38737,34615,0.00917346125,109.01010782598553,nirsevimab
0.444,0.095,2.45,0.095,TRUE,0.04218,0.10808625000000001,0.10227595500000002,0.9462439024390245,43762.53494923675,32714.754260832684,65429.6066660263,98145,87526,0.005810294999999993,172.1083008694053,Resvax (TM)
0.701,0.095,2.45,0.2,TRUE,0.066595,0.22755000000000003,0.20823745000000002,0.9151283234453966,7171.293944458442,5355.232918357129,10710.481902429081,16066,14343,0.01931255000000001,51.77980121734309,nirsevimab
0.444,0.095,2.45,0.2,TRUE,0.04218,0.22755000000000003,0.21531780000000003,0.9462439024390245,18085.886997108813,13528.383786531595,27056.80815825514,40586,36172,0.012232199999999999,81.75144291296742,Resvax (TM)
